{
  "main": {
    "id": "dc5c2f881b581504",
    "type": "split",
    "children": [
      {
        "id": "d743f1985623ae59",
        "type": "tabs",
        "children": [
          {
            "id": "0a8823517b320669",
            "type": "leaf",
            "state": {
              "type": "markdown",
              "state": {
                "file": "Che cos'e la sostenibilità/Pagina 1-Cosa significa sostenibilità.md",
                "mode": "source",
                "source": false
              }
            }
          },
          {
            "id": "4b172dd5746378a0",
            "type": "leaf",
            "state": {
              "type": "markdown",
              "state": {
                "file": "Che cos'e la sostenibilità/Pagina 2.md",
                "mode": "source",
                "source": false
              }
            }
          },
          {
            "id": "1384978164ce0351",
            "type": "leaf",
            "state": {
              "type": "markdown",
              "state": {
                "file": "Che cos'e la sostenibilità/Pagina 3.md",
                "mode": "source",
                "source": false
              }
            }
          },
          {
            "id": "0c30936fbf0f7216",
            "type": "leaf",
            "state": {
              "type": "markdown",
              "state": {
                "file": "Che cos'e la sostenibilità/Domanda 1.md",
                "mode": "source",
                "source": false
              }
            }
          }
        ],
        "currentTab": 3
      }
    ],
    "direction": "vertical"
  },
  "left": {
    "id": "1a14ee5018686b27",
    "type": "split",
    "children": [
      {
        "id": "333370ece8520ef5",
        "type": "tabs",
        "children": [
          {
            "id": "163e768a291f88bc",
            "type": "leaf",
            "state": {
              "type": "file-explorer",
              "state": {
                "sortOrder": "alphabetical"
              }
            }
          },
          {
            "id": "93e7f63bdd800401",
            "type": "leaf",
            "state": {
              "type": "search",
              "state": {
                "query": "",
                "matchingCase": false,
                "explainSearch": false,
                "collapseAll": false,
                "extraContext": false,
                "sortOrder": "alphabetical"
              }
            }
          },
          {
            "id": "b96602ebb547a44e",
            "type": "leaf",
            "state": {
              "type": "starred",
              "state": {}
            }
          }
        ]
      }
    ],
    "direction": "horizontal",
    "width": 300
  },
  "right": {
    "id": "4a035c6e0bda4087",
    "type": "split",
    "children": [
      {
        "id": "ff21a1f7fed1c3fc",
        "type": "tabs",
        "children": [
          {
            "id": "30779d0cdcba7eb1",
            "type": "leaf",
            "state": {
              "type": "backlink",
              "state": {
                "file": "Che cos'e la sostenibilità/Domanda 1.md",
                "collapseAll": false,
                "extraContext": false,
                "sortOrder": "alphabetical",
                "showSearch": false,
                "searchQuery": "",
                "backlinkCollapsed": false,
                "unlinkedCollapsed": true
              }
            }
          },
          {
            "id": "98bdad46b0057a53",
            "type": "leaf",
            "state": {
              "type": "outgoing-link",
              "state": {
                "file": "Che cos'e la sostenibilità/Domanda 1.md",
                "linksCollapsed": false,
                "unlinkedCollapsed": true
              }
            }
          },
          {
            "id": "110b60e250740b3f",
            "type": "leaf",
            "state": {
              "type": "tag",
              "state": {
                "sortOrder": "frequency",
                "useHierarchy": true
              }
            }
          },
          {
            "id": "daf766b4b6f4f531",
            "type": "leaf",
            "state": {
              "type": "outline",
              "state": {
                "file": "Che cos'e la sostenibilità/Domanda 1.md"
              }
            }
          }
        ]
      }
    ],
    "direction": "horizontal",
    "width": 300,
    "collapsed": true
  },
  "left-ribbon": {
    "hiddenItems": {
      "switcher:Apri selezione rapida": false,
      "graph:Apri vista grafo": false,
      "canvas:Create new canvas": false,
      "daily-notes:Apri nota del giorno": false,
      "templates:Inserisci modello": false,
      "command-palette:Apri riquadro comandi": false
    }
  },
  "active": "163e768a291f88bc",
  "lastOpenFiles": [
    "Che cos'e la sostenibilità/Pagina 3.md",
    "Che cos'e la sostenibilità/Pagina 2.md",
    "Pasted image 20230130123819.jpg",
    "Che cos'e la sostenibilità/Pagina 1-Cosa significa sostenibilità.md"
  ]
}